rank,name,price,url
1,【9/24まで限定クーポンで398円】【総合1位受賞】血色マスク 20枚 立体マスク 血色カラー 大人用 使い捨てマスク 不織布マスク グレーマスク ブラックマスク 3D立体加工 高密度フィルター メガネが曇りにくい 口紅が付きにくい 送料無料 cicibella,796,https://item.rakuten.co.jp/cicib/mskkf20-1/
2,予約販売10月末予定※糖質制限 パン 低糖質 糖質オフ ふんわりブランパン ふすまパン お試し セット5種31個or4種22個 (ロールパン ごまパン くるみパン チョココロネ クリームコロネ) バター 小麦ふすま 糖質 カット 食物繊維 ダイエット ロカボ 冷凍パン たんぱく質,3480,https://item.rakuten.co.jp/gourmet-de-ribbon/tou692/
3,【楽天ブックス限定同時購入特典+先着特典】A (初回盤A＋初回盤B＋通常盤セット)(クリアファイル(ソロ全11種類よりランダム1種)+メッセージエントリーコード) [ INI ],5199,https://item.rakuten.co.jp/book/16893469/
4,【9/24まで限定価格】【総合1位受賞☆血色不織布マスク】(17枚1パック×3)＼秋新色追加／血色マスク 不織布 カラー 血色カラー マスク 50枚+1 立体マスク 20枚 不織布 在庫あり 耳が痛くならない 両面同色 不織布マスク ライラックアッシュ ローズ ハニー 送料無料 cicibella,399,https://item.rakuten.co.jp/cicibella-sports/msk50-5/
5,総合1位受賞【9/25迄クーポンで半額】【秋色豊富】【10枚包装】血色マスク 不織布 カラー 血色カラー マスク 50枚 両面同色 不織布マスク カラー やわらかマスク カラーマスク おしゃれマスク ふつう 小さめ 子供マスク 使い捨て WEIMALL 送料無料,798,https://item.rakuten.co.jp/weiwei/bwm8yp/
6,【公式】iFace iphone13 ケース 13pro 13mini 13promax iphone12 12pro 12mini 12promax 11 SE 第2世代 se2 8 7 11pro 11promax XR XS X XSMax 6s 8Plus Reflection 透明 クリア 強化ガラス 【 リフレクション iPhone13 スマホケース アイフェイス iphone ケース 耐衝撃 】,3520,https://item.rakuten.co.jp/keitai/41-907/
7,クーポンで198円★サラシア ダイエットサプリ　約1ヵ月分 ショップオブザイヤー受賞店舗 総合賞8位 　送料無料 健康 サプリメント サプリ ダイエット サラシア さらしあ 油 糖分 炭水化物 糖質制限【2020diet】,960,https://item.rakuten.co.jp/seedcoms/100000333-1/
8,【クーポン利用で2箱15%OFF】炭酸水 500ml 24本 送料無料 強炭酸 無糖 ZAO SODA プレーン レモン ライフドリンクカンパニー LDC 割り材 まとめ買い 箱買い 48本で割引あり,1598,https://item.rakuten.co.jp/lifedrinkcompany/zaosoda-500/
9,【9/24まで限定クーポンで367円】【総合1位受賞】【両面同色】【17枚1パック×3】マスク 血色マスク 不織布 カラー マスク 50枚 立体マスク 20枚 不織布マスク カラー やわらかマスク カラーマスク おしゃれマスク ふつう 子供マスク 使い捨て 平ゴム cicibella 送料無料,796,https://item.rakuten.co.jp/cicib/msk50-1/
10,【9/25迄クーポンで60%OFF】【秋新色発売】【3サイズ】血色マスク 立体マスク 血色カラー マスク 不織布 4層構造 両面同色 不織布マスク カラー 使い捨てマスク カラーマスク ジュエルフラップマスク ふつう 小さめ 子供マスク 口紅が付きにくい 20枚 KF94 と同型 送料無料,980,https://item.rakuten.co.jp/weiwei/bwm94xx/
11,"【安心,高品質,高性能,高密着】【日本製】【PFE99.9% BFE99.9% VFE99.9%】【公的機関テスト済み】【2箱送料無料】30枚入り OPP包装 不織布 日本製JN95マスク 2個以上送料無料 KF94と同型 快適立体マスク 口紅がつきにくい 大人マスク",2250,https://item.rakuten.co.jp/cottonhouse/mak-m1-jn95-30opp/
12,【9月29日以降順次出荷予定】メリーズ おむつ パンツ梱販売用S M L ビッグ ビッグより大 梱販売用(3個セット)【メリーズ】[オムツ 紙おむつ 赤ちゃん まとめ買い 通気性],4224,https://item.rakuten.co.jp/netbaby/a62173xxx/
13,【365日出荷】美陽堂 BIYOUDO ミネラルウォーター 水 500ml×42本 送料 無料 九州 熊本産 シリカウォーター 放射性物質検査済み 阿蘇山由来 シリカ水 軟水 保存料なし (500ミリ/備蓄/日本製/国内/保存水/ミネラルウォーター/500ml×48本入りではございません/送料無料),2060,https://item.rakuten.co.jp/biyoudou/10000164/
14,【抱っこ紐 キューズベリー 公式】NICO（ニコ）抱っこ紐 日本製 3年修理保障 首すわり（約4か月）から3歳まで使用可 抱っこ紐 おしゃれ 男性 抱っこひも だっこひも サンドベージュ スモーキーブラウン ダークネイビー グレージュ 送料無料 あす楽,27500,https://item.rakuten.co.jp/cuseberry-dakkohimo/dk2525/
15,今すぐ試してほしい。新色登場【公式限定 2箱購入で＋1箱無料】あす楽/送料無料(ネコポス) カラコン レヴィア ReVIA 1day/COLOR 1箱10枚入/3箱合計30枚 レヴィアワンデー 度あり 度なし カラー コンタクトレンズ 裸眼風 UVカット ナチュラル メルティベア ラスタージェム,3432,https://item.rakuten.co.jp/candymagic/rv-100/
16,クリスタルガイザー 水(500ml*48本入)【2shdrk】【クリスタルガイザー(Crystal Geyser)】,2420,https://item.rakuten.co.jp/soukaidrink/9000009984074/
17,【9月24日以降順次出荷予定】パンパース オムツ パンツ さらさらケア(4個)【パンパース】,6380,https://item.rakuten.co.jp/netbaby/404313/
18,総合1位受賞 ST 快適立体マスク 120枚入り 4層フィルター構造（メルトブロー不織布2重）口紅がつきにくい 個別包装 新色追加【ST-TRADE立体マスク120枚入り】 大人マスク 使い捨てマスク マスク 不織布 使い捨て 花粉 メルトブロー不織布 大人用マスク 韓流マスク,2980,https://item.rakuten.co.jp/life-life/mask120kf/
19,ステラおばさんのクッキー お楽しみ袋20枚入り※お届け日指定不可,1080,https://item.rakuten.co.jp/auntstella/80-0070379/
20,【yuki×HAPTIC】OMNES 裏毛スウェット ラグランプルオーバー ROOMコラボ レディース ロゴ サイドスリット ユキ×ハプティック,4290,https://item.rakuten.co.jp/haptic/1521-5151/
21,おせち 早割 2022 冷蔵 便でお届け/ ちこり村 田舎の 手づくり おせち 【人気2品増量】 二段重 3〜4人前 送料無料 / 11年連続 おせちランキング 1位 冷蔵おせち 手作り おせち料理 御節 お節 お節料理 和風 毎年完売 / 栗きんとん フルーツチーズ 飛騨牛 八幡巻 /,18300,https://item.rakuten.co.jp/saladcosmo/oseti02/
22,★予約開始が最安値クーポンで972円■6年連続年間ランキング受賞★みかんの頂点を極める⇒みかんの頂点グルメ大賞受賞★独占販売★えひめ西宇和みかんの聖地でみかん専業だから冬味・こたつみかん！2注文で送料無料(訳あり家庭用),1080,https://item.rakuten.co.jp/misaki-kajuen/mikan601/
23,LOST JUDGMENT：裁かれざる記憶 PS4版,7750,https://item.rakuten.co.jp/book/16730610/
24,エントリーP10 送料無料 日本製 ホテルスタイルタオル ビッグフェイスタオル 【お試しSALE】 楽天1位受賞 / 約40×100cm タオル 大判 フェイスタオル 小さめ バスタオル 厚手 吸水 1枚 ポイント消化 SALE,680,https://item.rakuten.co.jp/toucher-home/10000264/
25,最安値に挑戦中 1日使い捨てコンタクトレンズ ボシュロム メダリストワンデープラス 6箱セット 1箱30枚入 送料無料 処方箋不要（90枚パック×2箱セットと同じ数量）,5995,https://item.rakuten.co.jp/otsuyocontactlens/medalist_1day_plus_a2/
26,【クーポンで690円】シートマスク 50%プラセンタ配合 30枚入り ホワイト オールインワン フェイスマスク シートマスク フェイスパック 日本製 　マスクパック スキンケア 美容マスク プラセンタエキス　ビタミンC 保湿,2508,https://item.rakuten.co.jp/q1st/10000002/
27,【不定期開催／数量限定】カネ吉の惣菜おまかせセット,1600,https://item.rakuten.co.jp/kanekichionline/ol_90000999/
28,【9/25(土)23:59まで⇒クーポンで1セット目888円×2セット以上で増量中！】訳あり 小玉 みかん 2kg 送料無料 熊本 サイズ 3s~s 2s 小粒 おまけ 増量 2セット 5kg 3セット9kg 10kg以下 温州 果物 柑橘 九州 お取り寄せグルメ 《3-7営業日以内に出荷予定(土日祝日除く)》,1111,https://item.rakuten.co.jp/kumamoto-food/10002669/
29,クリスタルガイザー シャスタ産正規輸入品エコボトル 水(500ml*48本入)【クリスタルガイザー(Crystal Geyser)】,2420,https://item.rakuten.co.jp/soukaidrink/9000009987990/
30,超お買い得アイスクリーム福袋 （中身は当店にお任せ）合計40〜50個のアイスクリームが入って送料無料！,5000,https://item.rakuten.co.jp/threenice/20000693_cp/
